BaseDao.java,C:\emd-web-struts2.5\emd-web-struts2.5\src\jp\co\komatsu\emdw\domain\dao\abst,getDiconPath,String diconPath = getDiconPath(classFullName);,66
BaseDao.java,C:\emd-web-struts2.5\emd-web-struts2.5\src\jp\co\komatsu\emdw\domain\dao\abst,getDiconPath,String diconPath = getDiconPath(classFullName);,146
BaseDao.java,C:\emd-web-struts2.5\emd-web-struts2.5\src\jp\co\komatsu\emdw\domain\dao\abst,getDiconPath,String diconPath = getDiconPath(classFullName);,208
BaseDao.java,C:\emd-web-struts2.5\emd-web-struts2.5\src\jp\co\komatsu\emdw\domain\dao\abst,getDiconPath,String diconPath = getDiconPath(classFullName);,263
BaseDao.java,C:\emd-web-struts2.5\emd-web-struts2.5\src\jp\co\komatsu\emdw\domain\dao\abst,getDiconPath,String diconPath = getDiconPath(classFullName);,328
BaseDao.java,C:\emd-web-struts2.5\emd-web-struts2.5\src\jp\co\komatsu\emdw\domain\dao\abst,getDiconPath,String diconPath = getDiconPath(classFullName);,398
BaseDao.java,C:\emd-web-struts2.5\emd-web-struts2.5\src\jp\co\komatsu\emdw\domain\dao\abst,getDiconPath,private final String getDiconPath(String classFullName) {,489
BaseDao.java,C:\emd-web-struts2.5\emd-web-struts2.5\src\jp\co\komatsu\emdw\domain\dao\abst,getDiconPath,String diconPath = getDiconPath(classFullName);,66
BaseDao.java,C:\emd-web-struts2.5\emd-web-struts2.5\src\jp\co\komatsu\emdw\domain\dao\abst,getDiconPath,String diconPath = getDiconPath(classFullName);,146
BaseDao.java,C:\emd-web-struts2.5\emd-web-struts2.5\src\jp\co\komatsu\emdw\domain\dao\abst,getDiconPath,String diconPath = getDiconPath(classFullName);,208
BaseDao.java,C:\emd-web-struts2.5\emd-web-struts2.5\src\jp\co\komatsu\emdw\domain\dao\abst,getDiconPath,String diconPath = getDiconPath(classFullName);,263
BaseDao.java,C:\emd-web-struts2.5\emd-web-struts2.5\src\jp\co\komatsu\emdw\domain\dao\abst,getDiconPath,String diconPath = getDiconPath(classFullName);,328
BaseDao.java,C:\emd-web-struts2.5\emd-web-struts2.5\src\jp\co\komatsu\emdw\domain\dao\abst,getDiconPath,String diconPath = getDiconPath(classFullName);,398
BaseDao.java,C:\emd-web-struts2.5\emd-web-struts2.5\src\jp\co\komatsu\emdw\domain\dao\abst,getDiconPath,private final String getDiconPath(String classFullName) {,489
BaseDao.java,C:\emd-web-struts2.5\emd-web-struts2.5\src\jp\co\komatsu\emdw\domain\dao\abst,getDiconPath,String diconPath = getDiconPath(classFullName);,66
BaseDao.java,C:\emd-web-struts2.5\emd-web-struts2.5\src\jp\co\komatsu\emdw\domain\dao\abst,getDiconPath,String diconPath = getDiconPath(classFullName);,146
BaseDao.java,C:\emd-web-struts2.5\emd-web-struts2.5\src\jp\co\komatsu\emdw\domain\dao\abst,getDiconPath,String diconPath = getDiconPath(classFullName);,208
BaseDao.java,C:\emd-web-struts2.5\emd-web-struts2.5\src\jp\co\komatsu\emdw\domain\dao\abst,getDiconPath,String diconPath = getDiconPath(classFullName);,263
BaseDao.java,C:\emd-web-struts2.5\emd-web-struts2.5\src\jp\co\komatsu\emdw\domain\dao\abst,getDiconPath,String diconPath = getDiconPath(classFullName);,328
BaseDao.java,C:\emd-web-struts2.5\emd-web-struts2.5\src\jp\co\komatsu\emdw\domain\dao\abst,getDiconPath,String diconPath = getDiconPath(classFullName);,398
BaseDao.java,C:\emd-web-struts2.5\emd-web-struts2.5\src\jp\co\komatsu\emdw\domain\dao\abst,getDiconPath,private final String getDiconPath(String classFullName) {,489
